Endpoint,Direction,Original GPT-3.5 study benchmark,Original GPT-3.5 study benchmark 95% CI,Status,GPT-5.5,GPT-5.5 95% CI,GPT-5.5 vs original,GPT-5.5 vs original 95% CI,Gemini 3.5 Flash,Gemini 3.5 Flash 95% CI,Gemini 3.5 Flash vs original,Gemini 3.5 Flash vs original 95% CI,Claude Sonnet 4.6,Claude Sonnet 4.6 95% CI,Claude Sonnet 4.6 vs original,Claude Sonnet 4.6 vs original 95% CI
Comprehensiveness,Higher is better,3.9166666666666665,3.697 to 4.136,Descriptive only; not validated,4.458333333333334,4.328 to 4.615,0.5416666666666674,0.270 to 0.755,4.625,4.504 to 4.766,0.7083333333333335,0.462 to 0.953,4.90625,4.828 to 4.979,0.9895833333333335,0.760 to 1.203
Clarity,Higher is better,3.7708333333333335,3.604 to 3.990,Descriptive only; not validated,5.0,5.000 to 5.000,1.2291666666666665,1.020 to 1.417,4.979166666666667,4.948 to 5.000,1.2083333333333335,1.026 to 1.417,4.90625,4.802 to 4.990,1.1354166666666665,0.911 to 1.302
