Endpoint,Direction,Original GPT-3.5 study benchmark,GPT-5.5,GPT-5.5 vs original,Gemini 3.5 Flash,Gemini 3.5 Flash vs original,Claude Sonnet 4.6,Claude Sonnet 4.6 vs original
Accuracy,Higher is better,3.270833333333333,3.6875,0.41666666666666696,3.71875,0.44791666666666696,3.3125,0.04166666666666696
Tone,Higher is better,1.3125,1.65625,0.34375,1.71875,0.40625,1.78125,0.46875
Complementarity,Higher is better,0.7916666666666666,0.875,0.08333333333333337,0.84375,0.05208333333333337,0.875,0.08333333333333337
Urgency,Lower is better,2.1041666666666665,1.90625,0.19791666666666652,2.0625,0.04166666666666652,2.0625,0.04166666666666652
DISCERN Q7,Higher is better,3.0416666666666665,3.5,0.4583333333333335,3.125,0.08333333333333348,3.1875,0.14583333333333348
