Endpoint,Direction,Original GPT-3.5 study benchmark,Original GPT-3.5 study benchmark 95% CI,GPT-5.5,GPT-5.5 95% CI,GPT-5.5 vs original,GPT-5.5 vs original 95% CI,Gemini 3.5 Flash,Gemini 3.5 Flash 95% CI,Gemini 3.5 Flash vs original,Gemini 3.5 Flash vs original 95% CI,Claude Sonnet 4.6,Claude Sonnet 4.6 95% CI,Claude Sonnet 4.6 vs original,Claude Sonnet 4.6 vs original 95% CI
Accuracy,Higher is better,3.270833333333333,2.927 to 3.657,3.6875,3.452 to 3.939,0.41666666666666696,0.010 to 0.902,3.71875,3.546 to 3.906,0.44791666666666696,0.082 to 0.886,3.3125,3.000 to 3.516,0.04166666666666696,-0.380 to 0.459
Tone,Higher is better,1.3125,1.208 to 1.438,1.65625,1.469 to 1.812,0.34375,0.108 to 0.583,1.71875,1.594 to 1.844,0.40625,0.265 to 0.610,1.78125,1.656 to 1.906,0.46875,0.317 to 0.604
Complementarity,Higher is better,0.7916666666666666,0.697 to 0.896,0.875,0.734 to 0.969,0.08333333333333337,-0.125 to 0.251,0.84375,0.719 to 0.938,0.05208333333333337,-0.156 to 0.208,0.875,0.750 to 1.000,0.08333333333333337,-0.062 to 0.266
Urgency,Lower is better,2.1041666666666665,1.697 to 2.490,1.90625,1.546 to 2.283,0.19791666666666652,-0.320 to 0.761,2.0625,1.531 to 2.500,0.04166666666666652,-0.547 to 0.677,2.0625,1.734 to 2.391,0.04166666666666652,-0.453 to 0.474
DISCERN Q7,Higher is better,3.0416666666666665,2.833 to 3.230,3.5,2.655 to 4.470,0.4583333333333335,-0.407 to 1.250,3.125,2.247 to 4.125,0.08333333333333348,-0.826 to 1.084,3.1875,2.372 to 3.941,0.14583333333333348,-0.604 to 0.803
